,8000066, 95 B (AMAZONS) 41,,,,,,,,
,8000475, 95 A (CEPHALUS) 21 41,,,,,,,,
,8000475, 95 A (CEPHALUS) 21 41,,,,,,,,
,8000476, 95 A (CEPHALUS) 21 41,,,,,,,,
,8000476, 95 A (CEPHALUS) 21 41,,,,,,,,
,8000480, 95 B (ATALANTE) 21 11,,,,,,,,
,8000480, 95 B (ATALANTE) 21 11,,,,,,,,
,8000491, 95 B (AMAZONS) 41,,,,,,,,
,8000491, 95 B (AMAZONS) 41 & 32 B 2 (ATHENIANS) & 45 H 3 (+22) & 61 E (ATH√çNAI),,,,,,,,
,8000493, 94 F 82 2,,,,,,,,
,8000493, 94 F 82 2,,,,,,,,
,8000494, 94 F 42 2,,,,,,,,
,8000494, 94 F 42 2,,,,,,,,
,8000537, 95 B (AMAZONS) 5,,,,,,,,
,8000537, 95 B (AMAZONS) 5 & 42 A 3 & 45 C 15 (BOW AND ARROW) & 46 C 13 14 1,,,,,,,,
,8000597, 95 B (AMAZONS),,,,,,,,
,8000619, 94 F 42,,,,,,,,
,8000747, 94 C 11 31,,,,,,,,
,8000747, 94 C 11 31,,,,,,,,
,8001330, 95 B (CIRCE),,,,,,,,
,8001357, 95 B (NIOBE) 62,,,,,,,,
,8001372, 95 A (LYCURGUS),,,,,,,,
,8001372, 95 B (AMAZONS) 41,,,,,,,,
,8001372, 95 B (AMAZONS) 41,,,,,,,,
,8001372, 95 B (AMAZONS) 41,,,,,,,,
,8001372, 95 B (NIOBE) 51 (+0),,,,,,,,
,8001372, 95 B (NIOBE) 62 1, 95 B (NIOBE) 62 2,,,,,,,
,8001452, 94 C 11 3,,,,,,,,
,8001453, 95 A (ICARUS) 68,,,,,,,,
,8001454, 94 H 24 3,,,,,,,,
,8001484, 94 F 11,,,,,,,,
,8001503, 95 B (CIRCE),,,,,,,,
,8001587, 95 A (AGAMEMNON),,,,,,,,
,8001587, 95 A (CALCHAS),,,,,,,,
71536480,8002844, 94 C 13 3,,,,,,,,
,8003105, 95 B (NIOBE) 62 1,,,,,,,,
,8003318, 95 A (PHOENIX) 8,,,,,,,,
71536481,8003521, 94 D 13 21 : 25 II 12,,,,,,,,
,8003565, 95 A (AMPHION AND ZETHUS) 41,,,,,,,,
,8003617, 95 B (PHYLLIS) 21,,,,,,,,
,8004061, 95 B (AMAZONS) 41,,,,,,,,
,8004062, 95 B (AMAZONS) 41,,,,,,,,
71536482,8004274, 94 C 11 3,,,,,,,,
,8004405, 95 B (INO) 68,,,,,,,,
71536484,8004622, 94 C 11 3,,,,,,,,
,8004657, 95 B (ARIADNE) 61,,,,,,,,
,8004660, 95 A (ICARUS) 68,,,,,,,,
71536485,8005026, 94 C 11 3,,,,,,,,
71536486,8005109, 94 F 54,,,,,,,,
71536487,8005519, 95 B (AMAZONS) 4,,,,,,,,
,8005628, 95 B (ELECTRA),,,,,,,,
,8005629, 95 B (ELECTRA),,,,,,,,
,8005631, 95 B (ELECTRA),,,,,,,,
71536488,8006579, 94 I 161,,,,,,,,
71536490,8006588, 95 A (AGAMEMNON) 4, 94 F 11 2, 94 F 12, 94 F 83 11,,,,,
71536521,8006590, 94 F 73, 94 F 61,,,,,,,
71536596,8006591, 94 F 31, 94 F 32, 94 F 41,,,,,,
71536701,8006607, 94 F 42 21,,,,,,,,
,8007240, 95 A (JASON) 8,,,,,,,,
75990781,8007401, 94 C 13 3,,,,,,,,
75990782,8007401, 94 G 51 (+0),,,,,,,,
,8007677, 95 A (HECTOR),,,,,,,,
75990783-85,8008229, 94 H 21 3,,,,,,,,
"71537068,75990786",8009086, 94 D 13 21,,,,,,,,
"71537143,75990789",8009087, 95 A (ORESTES) 34 3, 95 B (IPHIGENIA) 29 51,,,,,,,
"71537260,75990813",8009088, 95 A (ORESTES) 34 1,,,,,,,,
75990814,8010428, 95 A (ACHILLES) 12 31,,,,,,,,
,8010701, 95 A (PARIS) 3,,,,,,,,
71537436,8011187, 95 B (DANAE) 2,,,,,,,,
71537574,8011716, 94 D 13 2,,,,,,,,
,8011746, 95 B (ARIADNE) 61,,,,,,,,
76048203,8012461, 94 C 11 3,,,,,,,,
,8013053, 95 A (ULYSSES),,,,,,,,
76048421,8013337, 94 C 14,,,,,,,,
71537744,8013396, 94 F 12,,,,,,,,
,8014117, 95 A (NARCISSUS) 21,,,,,,,,
,8014250, 94 H 24 52,,,,,,,,
76048576,8014329, 94 C 11 31,,,,,,,,
,8014333, 95 A (CEPHALUS) 21 41,,,,,,,,
76056476,8014637, 94 D 13 2,,,,,,,,
,8014864, 95 A (ICARIUS) 51,,,,,,,,
,8014864, 95 B (ARIADNE) 61,,,,,,,,
,8014895, 95B(DANAE)2,,,,,,,,
,8014990, 95A(GLAUCUS),,,,,,,,
71538112,8014998, 94 D 13 2,,,,,,,,
,8015184, 95 A (LYCURGUS) 41,,,,,,,,
,8015401, 95 A (ICARIUS) 51,,,,,,,,
,8015401, 95 B (ARIADNE) 61,,,,,,,,
,8015428, 94 H 21 3,,,,,,,,
,8015463, 94 C 11 31,,,,,,,,
,8015463, 94 D,,,,,,,,
,8015463, 95 B (AMAZONS) 41,,,,,,,,
,8016195, 95 A (CECROPS) ?,,,,,,,,
,8016202, 95 A (CECROPS),,,,,,,,
,8016734, 95 A (AMPHION AND ZETHUS) 41,,,,,,,,
,8016735, 95 A (AMPHION AND ZETHUS) 41,,,,,,,,
,8016832, 95 A (ICARUS) 68, 95 A (PHRIXUS) 32 1,,,,,,,
,8016832, 95 A (ICARUS) 68,,,,,,,,
,8016832, 95 A (NARCISSUS) 21,,,,,,,,
,8016832, 95 A (PHRIXUS) 32 1,,,,,,,,
,8017119, 95 A (AMPHION,,,,,,,,
71539071,8017239, 95 B (NIOBE) 51,,,,,,,,
,8017240, 95 B (NIOBE) 51,,,,,,,,
71539074,8017241, 95 B (NIOBE),,,,,,,,
71539075,8017242, 95 B (NIOBE),,,,,,,,
71539076,8017243, 95 B (NIOBE),,,,,,,,
,8017297, 94 I 44 1,,,,,,,,
71539077,8017719, 95A(TANTALUS),,,,,,,,
71539115,8017720, 95A(AGAMEMNON),,,,,,,,
71539116,8017722, 95A(AGAMEMNON)68,,,,,,,,
71539117,8017723, 95A(ORESTES)312,,,,,,,,
71539118,8017724, 95A(ORESTES)344,,,,,,,,
71539119,8017725, 95A(ORESTES)343,,,,,,,,
,8017817, 95 A (Echelos),,,,,,,,
,8018060, 94 I 16 3,,,,,,,,
,8018061, 94 I 16 3,,,,,,,,
,8019713, 95B(PHAEDRA)21,,,,,,,,
,8020138, 95 B (ARIADNE),,,,,,,,
,8020636, 94 H 24 52,,,,,,,,
,8020993, 95 B (AMAZONS) 4,,,,,,,,
,8022043, 95 A (MINOTAUR) : 31 A 23 5,,,,,,,,
,8022053, 94 H 14,,,,,,,,
,8022317, 95 B (DANAE),,,,,,,,
,8022515, 95 B (NIOBE) 62 1, 95 B (NIOBE) 62 2,,,,,,,
71539124,8022701, 94 C 13 3,,,,,,,,
,8022723, 94 C 11 31,,,,,,,,
,8022723, 94 C 11 31,,,,,,,,
,8022723, 95 A (ORESTES) 31,,,,,,,,
,8022723, 95 B (AMAZONS) 41, 95 B (NIOBE) 62 1,,,,,,,
,8022723, 95 B (AMAZONS) 41, 94 G 51,,,,,,,
,8022723, 95 B (AMAZONS) 41, 94 G 51,,,,,,,
,8022723, 95 B (AMAZONS) 41,,,,,,,,
,8022723, 95 B (AMAZONS) 41,,,,,,,,
71539125,8022861, 95 B (AMAZONS) 41,,,,,,,,
,8023278, 95 A (ICARUS) 68,,,,,,,,
71539163,8023383, 94 F 11 3,,,,,,,,
71539192,8023747, 94 C 11 3,,,,,,,,
,8023893, 94 C 11 2,,,,,,,,
,8024030, 95 B (DANAE),,,,,,,,
71539193,8024214, 95 B (IOLE),,,,,,,,
,8024462, 95 B (NIOBE) 61,,,,,,,,
,8024793, 95 A (NARCISSUS) 21,,,,,,,,
71539194,8024841, 95 A (HECTOR),,,,,,,,
,8024856, 95 B (AMAZONS) 41,,,,,,,,
,8024970, 95 B (CIRCE),,,,,,,,
,8025331, 95 B (AMAZONS),,,,,,,,
71539195-96,8025602, 95 A (ULYSSES),,,,,,,,
,8025632, 95 B (NIOBE) 62,,,,,,,,
,8025638, 94 F 11 2,,,,,,,,
,8025642, 94 C 11 3,,,,,,,,
71539197,8025725, 94 C 11 3, 95 A (PYRAMUS AND THISBE), 94 L 32 21,,,,,,
71539235,8025752, 95 A (ULYSSES),,,,,,,,
71539236,8025758, 94 K 31, 94 L 12 2, 94 P 21 1,,,,,,
,8025844, 95 A, 95 B,,,,,,,
,8025858, 95A(ATHAMAS)611,,,,,,,,
,8025858, 95B(INO),,,,,,,,
,8025910, 94 C 11 31, 94 L 7,,,,,,,
,8025942, 95 A (ICARUS) 68,,,,,,,,
,8025980, 95 A (ICARUS) 68, 94 L 3,,,,,,,
,8026043, 94 I 23 3,,,,,,,,
,8026054, 94 C 11 3,,,,,,,,
,8026134, 95 A (PYRAMUS AND THISBE),,,,,,,,
,8026599, 94 H 21 3,,,,,,,,
,8027203, 94 C,,,,,,,,
,8027203, 94 F 83,,,,,,,,
,8027203, 94 F 83, 95 A (HECTOR) 69,,,,,,,
,8027206, 95 A (MIDAS) 6,,,,,,,,
,8027973, 94 I 13,,,,,,,,
,8028023, 94 I 65,,,,,,,,
,8028066, 94 C 13 3,,,,,,,,
,8028127, 94 H 24 3,,,,,,,,
,8028255, 95 A (CLYTEMNESTRA),,,,,,,,
,8029222, 95 B (MANTO),,,,,,,,
,8029410, 95 A (CLEOBIS,,,,,,,,
,8030744, 94 C 11 3,,,,,,,,
,8030851, 95 B (DEIANIRA) 6,,,,,,,,
,8031439, 94 C 11 31,,,,,,,,
,8031719, 94 C 11 3,,,,,,,,
,8031742, 95 A (TELEPHUS) 12 11,,,,,,,,
,8031742, 95 A (TELEPHUS) 12 11,,,,,,,,
,8032126, 94 H 24 3,,,,,,,,
,8032127, 94 H 24 3,,,,,,,,
,8032128, 94 H 24 3,,,,,,,,
,8032280, 95 A (TIRESIAS) 41,,,,,,,,
,8033796, 95 A (NARCISSUS),,,,,,,,
71539276,8034180, 94 G 41 1,,,,,,,,
,8034196, 95 A (ICARUS) 68,,,,,,,,
,8034278, 95 A (PYRAMUS AND THISBE) 24 1,,,,,,,,
71539277,8034280, 94 D 13 21,,,,,,,,
,8034394, 95 A (CEPHALUS) 21 41,,,,,,,,
,8034518, 95 A (PHILEMON AND BAUCIS) 51,,,,,,,,
71539278,8034833, 94 G 63,,,,,,,,
,8035271, 95 B (NIOBE) 62,,,,,,,,
,8035272, 95 B (NIOBE) 62,,,,,,,,
,8035273, 95 B (NIOBE) 61,,,,,,,,
,8035350, 95 B (CASSANDRA),,,,,,,,
,8035360, 94 H 21 3,,,,,,,,
,8035489, 95 B (NIOBE) 62,,,,,,,,
,8035492, 94 I 16,,,,,,,,
,8035493, 94 I 21 1,,,,,,,,
,8035494, 94 I 23 43,,,,,,,,
,8035495, 94 I 21 1,,,,,,,,
,8035496, 95 A (ULYSSES),,,,,,,,
,8035527, 95 B (HERO AND LEANDER) 22,,,,,,,,
,8036150, 94 I,,,,,,,,
,8036150, 94 I,,,,,,,,
,8036150, 94 I,,,,,,,,
,8036150, 94 I,,,,,,,,
,8036150, 94 I,,,,,,,,
,8036150, 94 I,,,,,,,,
,8036150, 94 I,,,,,,,,
,8036150, 94 I,,,,,,,,
,8036150, 94 I,,,,,,,,
,8036150, 94 I,,,,,,,,
,8036150, 94 I,,,,,,,,
71539281,8036276, 95 A (ACHILLES) 1,,,,,,,,
71539282,8037170, 94 G 6,,,,,,,,
,8037217, 95 A (TIRESIAS),,,,,,,,
71539283,8037303, 95 B (GALATHEA),,,,,,,,
,8037497, 95 A (JASON) 3,,,,,,,,
71539284,8037785, 95 B (PHYLLIS),,,,,,,,
71539288,8037950, 94 F,,,,,,,,
,8038040, 95 A (LAOMEDON),,,,,,,,
,8038042, 95 A (JASON),,,,,,,,
,8038142, 95 A (AJAX THE GREAT),,,,,,,,
,8038145, 95 A (HECTOR),,,,,,,,
71542419,8038147, 95 A (HECTOR),,,,,,,,
71542421,8038150, 95 B (ANTIOPE),,,,,,,,
71542422,8038151, 95 B (ANTIOPE),,,,,,,,
71542423,8038155, 95 A (PARIS),,,,,,,,
,8038235, 95 B (IPHIGENIA),,,,,,,,
,8038250, 94 C 11 2,,,,,,,,
,8038251, 95 A (ICARUS),,,,,,,,
,8038274, 94 I,,,,,,,,
,8038282, 94 G,,,,,,,,
,8038287, 94 C 11 3,,,,,,,,
,8038293, 95 A (MIDAS),,,,,,,,
,8038372, 95 B (ARIADNE),,,,,,,,
71542424,8038408, 95 A (TELEMACHUS),,,,,,,,
,8038438, 95 B (ATALANTE) 21 1,,,,,,,,
71542425,8038833, 95 A (CEPHALUS) 21,,,,,,,,
71542426,8038967, 95 A (TANTALUS),,,,,,,,
71542429,8039286, 95 A (ACHILLES),,,,,,,,
71542430,8039308, 95 B (MYRRHA),,,,,,,,
,8039343, 95 A (PYRAMUS AND THISBE),,,,,,,,
71542478,8039532, 95 B (HELEN),,,,,,,,
,8039539, 95 B (ATALANTE),,,,,,,,
,8039540, 95 A (CEPHALUS),,,,,,,,
,8039541, 95 A (PYRAMUS AND THISBE),,,,,,,,
,8039571, 95 A (DAEDALUS), 95 A (ICARUS),,,,,,,
,8039571, 95 A (PARIS),,,,,,,,
,8039572, 95 A (ULYSSES),,,,,,,,
,8039572, 95 A (ULYSSES),,,,,,,,
,8039577, 95 A (ICARUS),,,,,,,,
,8039577, 95 A (PARIS),,,,,,,,
,8039577, 95 A (PARIS), 95 A (JASON),,,,,,,
,8039577, 95 B (HERO AND LEANDER),,,,,,,,
,8039578, 95 A (ICARUS),,,,,,,,
,8039578, 95 A (JASON),,,,,,,,
,8039578, 95 A (PARIS),,,,,,,,
,8039578, 95 A (PARIS),,,,,,,,
,8039578, 95 B (HERO AND LEANDER),,,,,,,,
,8039582, 95 A (PARIS),,,,,,,,
71542481,8039730, 94 G,,,,,,,,
,8039756, 95 A (CEPHALUS) 21,,,,,,,,
,8040011, 94 F 72 : 45 H 3,,,,,,,,
71542547,8040783, 94 I 16,,,,,,,,
71542548,8040784, 94 I 16,,,,,,,,
,8040813, 95 B (CIRCE) : 31 A 11 (+4),,,,,,,,
,8040815, 95 B (CIRCE) : 31 A 11 (+4),,,,,,,,
71542549,8040828, 95 B (CIRCE) : 31 A 11 (+4),,,,,,,,
,8041133, 94 C,,,,,,,,
,8041133, 94 C,,,,,,,,
,8041133, 94 C,,,,,,,,
,8041133, 94 C,,,,,,,,
,8041224, 95 B (PENELOPE),,,,,,,,
,8041225, 95 B (ARIADNE),,,,,,,,
,8041238, 95 B (SEMELE) 51,,,,,,,,
,8041238, 95 B (SEMELE) 51,,,,,,,,
,8041249, 95 A (ULYSSES),,,,,,,,
,8041249, 95 A (ULYSSES),,,,,,,,
,8041767, 95 A (TELEPHUS) 12 11 (+0),,,,,,,,
,8042480, 95 B (AMAZONS) 41,,,,,,,,
71542598,8042918, 95 A (MIDAS),,,,,,,,
,8043326, 95 A (HIPPOLYTUS), 95 B (PHAEDRA) 21 3,,,,,,,
,8043733, 94 C 11 3,,,,,,,,
71542599,8044285, 94 F 74 2,,,,,,,,
,8044339, 94 I 16 2,,,,,,,,
,8044493, 94 F 42 1,,,,,,,,
,8044680, 94 C 11 31,,,,,,,,
,8044697, 95 A (MIDAS) (+0),,,,,,,,
,8044794, 95 B (MINYAN WOMEN) (+0),,,,,,,,
71822037,8044806, 94 I 13 6,,,,,,,,
,8044850, 94 G 33,,,,,,,,
,8045372, 95A(TIRESIAS),,,,,,,,
,8045720, 94 F 74,,,,,,,,
,8045964, 94 F 54,,,,,,,,
,8045965, 94 H 12 21,,,,,,,,
,8045969, 95 A (PARIS) 12,,,,,,,,
,8046023, 94 C 14 4,,,,,,,,
,8046177, 95 B (NIOBE) 62 2,,,,,,,,
71822038,8046444, 94 C 1,,,,,,,,
71822038,8046444, 94 F 12 1,,,,,,,,
71822038,8046444, 94 F 82 2,,,,,,,,
,8046455, 94 C 11 31,,,,,,,,
,8046455, 95 B (ATALANTE) 21 11,,,,,,,,
,8046458, 94 D 13 2,,,,,,,,
,8046828, 94 C 11 2,,,,,,,,
,8046828, 95 A (PARIS),,,,,,,,
,8046828, 95 B (HERO AND LEANDER),,,,,,,,
,8046878, 94 C 22,,,,,,,,
,8046990, 94 D 13 2,,,,,,,,
,8047643, 94 I 16,,,,,,,,
,8047643, 94 I 18 1,,,,,,,,
,8048154, 95 A (PELOPS) 21 3, 95 B (ALCYONE AND CEYX),,,,,,,
71822039-42,8048360, 94 F 82 2,,,,,,,,
,8048991, 94 C 11 1,,,,,,,,
,8048991, 94 C 11 1,,,,,,,,
,8048991, 95 A (PHOENIX),,,,,,,,
,8049314, 94 H 2,,,,,,,,
71822053,8049434, 94 C,,,,,,,,
,8049506, 94 H 2,,,,,,,,
,8049516, 95 A (PARIS),,,,,,,,
,8049517, 95 A (HECTOR),,,,,,,,
71822054,8049569, 95 B (PENELOPE?),,,,,,,,
71822055-056,8049596, 95 A (TELEMACHUS),,,,,,,,
71822057,8049727, 94 C 11 3,,,,,,,,
,8050068, 95 A (GLAUCUS),,,,,,,,
,8050257, 94 C 11 3,,,,,,,,
,8050325, 95 B (PHAEDRA) 21,,,,,,,,
,8050327, 95 A (JASON), 94 A 46 11, 95 B (MEDEA),,,,,,
,8050333, 95 A (ORESTES) 31 1,,,,,,,,
71822076-77,8050623, 95 A (LAOMEDON) 31,,,,,,,,
,8050637, 94 K 23,,,,,,,,
,8050637, 95 A (MENELAUS),,,,,,,,
,8050639, 94 C 22, 95 A (ULYSSES),,,,,,,
,8050639, 95 A (ACHILLES) 12 3,,,,,,,,
,8050639, 95 A (ULYSSES) 11,,,,,,,,
,8050708, 94 C 21,,,,,,,,
,8050708, 94 C 22,,,,,,,,
,8050708, 94 D 13 2,,,,,,,,
,8050708, 94 F 62 2,,,,,,,,
,8050708, 94 G 61,,,,,,,,
,8050708, 94 I 13 3,,,,,,,,
,8050708, 94 I 13 4,,,,,,,,
,8050708, 94 I 13 5,,,,,,,,
,8050708, 94 I 16 2,,,,,,,,
,8050708, 94 I 18 1,,,,,,,,
,8050708, 94 I 21 1,,,,,,,,
,8050708, 94 I 64,,,,,,,,
,8050713, 94 C 11 31,,,,,,,,
,8050769, 95 A (CLEOBIS AND BITON) 51,,,,,,,,
,8051444, 95 B (LAODAMIA),,,,,,,,
,8051454, 95 B (AMAZONS) 6,,,,,,,,
71822079,8051777, 94 I 53 1,,,,,,,,
71822082,8051990, 95 A (ACHILLES) 12 31 : 48 C 73 21,,,,,,,,
71822084,8052017, 94 C 11 31,,,,,,,,
71822092,8052043, 95 A (GERYON),,,,,,,,
71822093,8052222, 95 B (MEDEA) 3 : 13 B 42 1,,,,,,,,
,8052230, 95 A (NARCISSUS) 21,,,,,,,,
71822094,8052430, 95 A (TIRESIAS),,,,,,,,
,8052500, 94 C 11 3,,,,,,,,
,8052751, 95 A (PARIS) 8,,,,,,,,
,8053056, 95 A (TELEPHUS),,,,,,,,
,8053057, 95 A (TELEPHUS),,,,,,,,
,8053260, 95 (+0),,,,,,,,
,8053386, 95 A (PAN),,,,,,,,
,8053757, 95 B (NIOBE),,,,,,,,
,8053985, 95 A (ORESTES),,,,,,,,
,8053986, 95 A (ORESTES),,,,,,,,
,8055057, 94 H 24 3,,,,,,,,
,8055070, 95 B (IO),,,,,,,,
,8055081, 94 G 51,,,,,,,,
,8056302, 95A(ICARUS)68,,,,,,,,
,8056895, 95A(ACHILLES),,,,,,,,
,8056898, 95A(HECTOR)3,,,,,,,,
,8060754, 95 B (PASIPHAE) 21,,,,,,,,
,8060773, 94 F 42,,,,,,,,
,8060773, 94 F 42 1,,,,,,,,
,8060773, 94 F 42 22,,,,,,,,
,8060773, 94 F 8, 94 G 6,,,,,,,
,8061134, 94 D 1,,,,,,,,
,8061134, 94 D 1,,,,,,,,
,8061134, 94 D 13 2,,,,,,,,
,8061134, 95 B (IPHIGENIA),,,,,,,,
,8061135, 94 F 1,,,,,,,,
,8061135, 94 F 11 3,,,,,,,,
,8061135, 94 F 12,,,,,,,,
,8061135, 94 F 12 1,,,,,,,,
,8062410, 94 C 1,,,,,,,,
,8062418, 95 A (HIPPOLYTUS) 68 1,,,,,,,,
,8062757, 95 B (NIOBE) 62 2,,,,,,,,
,8062786, 95 B (NIOBE),,,,,,,,
,8062865, 95 A (PHRIXUS) 32 1,,,,,,,,
,8063107, 94 H 15 1, 94 H 22 1,,,,,,,
,8063107, 94 H 15 1, 94 H 23,,,,,,,
,8063107, 94 H 21 3,,,,,,,,
,8063110, 95 A (ICARUS) 68,,,,,,,,
,8063119, 94 C 1,,,,,,,,
,8063119, 94 C 11 31,,,,,,,,
,8063119, 94 C 12,,,,,,,,
,8063209, 94 D 13 21,,,,,,,,
,8063209, 95 A (ACHILLES) 12 3,,,,,,,,
,8063209, 95 B (ARIADNE) 61,,,,,,,,
,8063259, 95 A (CADMUS) 34,,,,,,,,
,8063759, 94 H 14,,,,,,,,
,8063759, 94 H 14,,,,,,,,
,8063759, 95 A (ICARUS) 6,,,,,,,,
,8063759, 95 A (ICARUS) 6,,,,,,,,
,8063928, 95 B (PENELOPE) : 47 H 46 3,,,,,,,,
,8063931, 94 F, 94 G, 94 G 53 1,,,,,,
,8063956, 95 A (PRIAM),,,,,,,,
,8064119, 95 B (MYRRHA) 21 3,,,,,,,,
,8064885, 95 A (MINOTAUR) 3,,,,,,,,
,8065209, 94 F 82 2,,,,,,,,
,8065209, 94 F 82 2,,,,,,,,
,8065211, 95 B (POLYXENA),,,,,,,,
,8065211, 95 B (POLYXENA),,,,,,,,
,8065347, 95 B (ARIADNE) 61,,,,,,,,
,8065387, 94 H 21 3,,,,,,,,
,8065387, 94 H 21 3,,,,,,,,
,8065390, 95 B (ARIADNE),,,,,,,,
,8065400, 94 I 64,,,,,,,,
,8065401, 94 I,,,,,,,,
,8065402, 94 K 5,,,,,,,,
,8065402, 95 A (ACHILLES) 12,,,,,,,,
,8065402, 95 A (AMPHINOMUS AND ANAPIAS) 51,,,,,,,,
,8065402, 95 A (CLEOBIS AND BITON) 51,,,,,,,,
,8065402, 95 B (DANAE),,,,,,,,
,8065450, 94 C 11 3,,,,,,,,
,8065480, 95 B (ARIADNE),,,,,,,,
,8065488, 94 C 11 31,,,,,,,,
,8066402, 94 D 13 2,,,,,,,,
,8066760, 95 A (ANCHISES),,,,,,,,
,8066776, 94 D 13 2,,,,,,,,
,8066927, 95 A (ICARUS), 95 A (DAEDALUS),,,,,,,
,8066928, 95 A (ICARUS),,,,,,,,
,8067093, 95 A (ANCHISES),,,,,,,,
,8068246, 95 A (ULYSSES),,,,,,,,
,8068267, 94 G 51,,,,,,,,
,8068268, 94 G 51,,,,,,,,
,8068501, 94 H 22,,,,,,,,
,8069005, 95 A (CEPHALUS) 21 41,,,,,,,,
,8069048, 94 I 16 3 (+0),,,,,,,,
,8069252, 95 A (PELOPS),,,,,,,,
,8069253, 95 A (PELOPS),,,,,,,,
,8069292, 94 C 11 3,,,,,,,,
,8069311, 94 D 13 2,,,,,,,,
,8069400, 94 C 11 2,,,,,,,,
,8069411, 94 H 21 3,,,,,,,,
,8069469, 95 B (ATALANTE) 21 11,,,,,,,,
,8069567, 94 C 11 31,,,,,,,,
,8069929, 94 C 11 3,,,,,,,,
,8070437, 95 A (ACHILLES) 12 31,,,,,,,,
,8070670, 95 A (PELOPS),,,,,,,,
,8070791, 94 F 54,,,,,,,,
,8070806, 94 F 82 2,,,,,,,,
,8070917, 95 A (PYRAMUS AND THISBE),,,,,,,,
,8071011, 94 F 83 (+0),,,,,,,,
,8071019, 94 I 13 4,,,,,,,,
,8071045, 94 H 23 22,,,,,,,,
,8071046, 94 H 23 22,,,,,,,,
,8071047, 94 H 23 22,,,,,,,,
,8071048, 94 H 23 22,,,,,,,,
,8071049, 94 H 23 22,,,,,,,,
,8071050, 94 H 23 22,,,,,,,,
,8071051, 94 H 23 22,,,,,,,,
,8071053, 94 H 23 21,,,,,,,,
,8071356, 95 A (ICARUS) 51 2,,,,,,,,
,8071369, 94 H 24 3,,,,,,,,
,8071370, 94 H 24 3,,,,,,,,
,8071442, 95 B (NIOBE) 62 1,,,,,,,,
,8071448, 94 H 21 3,,,,,,,,
,8071448, 95 A (AMPHION AND ZETHUS) 41,,,,,,,,
,8071512, 94 I 21 1,,,,,,,,
,8071635, 95 A (HIPPOLYTUS) 68,,,,,,,,
,8071717, 95 B (ARIADNE),,,,,,,,
,8071719, 95 B (ARIADNE),,,,,,,,
,8071776, 95 A (ULYSSES),,,,,,,,
,8071781, 95 B (ARIADNE),,,,,,,,
,8071800, 95 B (IPHIGENIA),,,,,,,,
,8071804, 94 F 82 2,,,,,,,,
,8071804, 94 H 21 3,,,,,,,,
,8071804, 95 A (AMPHION AND ZETHUS) 41,,,,,,,,
,8071804, 95 A (ORESTES) 31 1,,,,,,,,
,8071804, 95 A (ORESTES) 31 1,,,,,,,,
,8071804, 95 A (PARIS),,,,,,,,
,8071804, 95 B (AMAZONS),,,,,,,,
,8071804, 95 B (AMAZONS),,,,,,,,
,8071804, 95 B (ATALANTE) 21 11,,,,,,,,
,8071804, 95 B (NIOBE) 62,,,,,,,,
,8071804, 95 B (NIOBE) 62,,,,,,,,
,8071861, 95 B (NIOBE) 62 2,,,,,,,,
,8071893, 95 A (NARCISSUS),,,,,,,,
,8071951, 95 B (NIOBE) 62 2 (+0),,,,,,,,
,8072066, 95 A (HIPPOLYTUS),,,,,,,,
,8072066, 95 A (HIPPOLYTUS),,,,,,,,
,8072066, 95 A (HIPPOLYTUS),,,,,,,,
,8072066, 95 A (HIPPOLYTUS),,,,,,,,
,8072162, 95 B (AMAZONS),,,,,,,,
,8072200, 95 B (NIOBE) 62 2 (+0),,,,,,,,
,8072365, 95 B (ARIADNE),,,,,,,,
,8072426, 95 B (NIOBE) 62 2,,,,,,,,
,8072438, 95 B (NIOBE) 62 2 (+0),,,,,,,,
,8072439, 95 B (NIOBE) 62 2 (+0),,,,,,,,
,8072440, 95 B (NIOBE) 62 2 (+0),,,,,,,,
,8072441, 95 B (NIOBE) 62 2 (+0),,,,,,,,
,8072442, 95 B (NIOBE) 62 2 (+0),,,,,,,,
,8072443, 95 B (NIOBE) 62 2 (+0),,,,,,,,
,8072444, 95 B (NIOBE) 62 1 (+0),,,,,,,,
,8072445, 95 B (NIOBE) 62 1 (+0),,,,,,,,
,8072446, 95 B (NIOBE) 62 1 (+0),,,,,,,,
,8072447, 95 B (NIOBE) 62 1 (+0),,,,,,,,
,8072448, 95 B (NIOBE) 62 1 (+0),,,,,,,,
,8072449, 95 B (NIOBE) 62 1 (+0),,,,,,,,
,8072450, 95 B (NIOBE) 62 3,,,,,,,,
,8072451, 95 A (AMPHION),,,,,,,,
,8072457, 95 B (ARIADNE),,,,,,,,
,8072580, 94 H 21 3,,,,,,,,
,8072586, 94 I 53 1,,,,,,,,
,8072699, 95 B (PENELOPE) : 33 C 81 2,,,,,,,,
,8072700, 94 F 11, 94 F 1, 94 F 12,,,,,,
,8072701, 94 F 83 21, 94 F 83 22,,,,,,,
,8072702, 94 G 23 5, 94 G 4,,,,,,,
,8072707, 94 I 56 1,,,,,,,,
,8072708, 94 H 24 3,,,,,,,,
,8072709, 94 I 84,,,,,,,,
,8072710, 95 A (ULYSSES),,,,,,,,
,8072723, 94 I 4, 94 I 7, 94 I 52, 94 I 44,,,,,
,8072799, 94 C 22,,,,,,,,
,8072904, 94 C 11 2,,,,,,,,
,8072904, 94 C 11 3,,,,,,,,
,8072904, 94 C 11 31,,,,,,,,
,8072917, 94 F 83 22,,,,,,,,
,8072918, 94 F 83 22,,,,,,,,
,8073031, 94 F 54,,,,,,,,
,8073404, 95 A (PARIS),,,,,,,,
,8073405, 94 C 11 3,,,,,,,,
,8073781, 95 B (NIOBE) 62,,,,,,,,
,8074245, 94 I 52,,,,,,,,
,8074245, 94 I 52 & 92 B 5,,,,,,,,
,8074282, 95 A (MIDAS),,,,,,,,
,8074282, 95 A (MIDAS),,,,,,,,
,8074901, 94 C 11 3 ?,,,,,,,,
,8074936, 94 H 2,,,,,,,,
,8074947, 95 A (TIRESIAS) 68,,,,,,,,
,8075003, 95 A (DIOMEDES),,,,,,,,
,8075003, 95 B (OENEUS),,,,,,,,
,8075063, 95 B (NIOBE),,,,,,,,
,8075070, 94 C 11 3,,,,,,,,
,8075190, 95 A (JASON) 78,,,,,,,,
,8075237, 94 H 23,,,,,,,,
,8075462, 94 D 13 2,,,,,,,,
,8075480, 94 F 83 22,,,,,,,,
,8075481, 95 B (CHIONE) 68,,,,,,,,
,8075511, 95 A (NARCISSUS) 21,,,,,,,,
,8075664, 94 F 54,,,,,,,,
,8075664, 95 B,,,,,,,,
,8075664, 95 B (ARIADNE) 61,,,,,,,,
,8075664, 95 B (ARIADNE) 61,,,,,,,,
,8075664, 95 B (PHAEDRA) 21 2, 95 A (HIPPOLYTUS),,,,,,,
,8075665, 95 B (ARIADNE),,,,,,,,
,8075675, 94 C 22,,,,,,,,
,8075675, 95 A (PENTHEUS) 68,,,,,,,,
,8075683, 94 C 11 1 (+0),,,,,,,,
,8075683, 95 B (ERIGONE) 1,,,,,,,,
,8075704, 94 G 62,,,,,,,,
,8075715, 94 H 24 3,,,,,,,,
,8075897, 95 A (NARCISSUS) 21,,,,,,,,
,8076311, 94 H 15 1,,,,,,,,
,8076571, 94 E 1,,,,,,,,
,8076571, 94 H 15 1,,,,,,,,
,8076571, 94 H 15 1, 95 A (PRIAM),,,,,,,
,8076571, 94 H 24 11,,,,,,,,
,8076571, 94 H 3,,,,,,,,
,8076571, 95 A (ANCHISES), 95 B (HELEN) : 46 C 13 1,,,,,,,
,8076571, 95 A (MENELAUS),,,,,,,,
,8076571, 95 A (MENELAUS) 4, 95 B (HELEN),,,,,,,
,8076571, 95 A (NEOPTOLEMUS), 95 A (PRIAM), 95 A (MENELAUS),,,,,,
,8076571, 95 A (NEOPTOLEMUS), 95 B (POLYXENA), 95 A (SINON),,,,,,
,8076571, 95 A (PRIAM) : 31 B 11,,,,,,,,
,8076571, 95 B (POLYXENA), 94 H 21 2,,,,,,,
,8076571, 95 B (POLYXENA), 95 A (NEOPTOLEMUS), 95 A (PRIAM),,,,,,
,8076873, 95 A (AMPHION AND ZETHUS) 41,,,,,,,,
,8076913, 95 A (PARIS),,,,,,,,
,8076936, 94 D 13 2,,,,,,,,
,8077082, 95 B (AMAZONS) 41 (+0),,,,,,,,
,8077084, 95 A (AMPHION AND ZETHUS) 1,,,,,,,,
,8077085, 94 C 13 3,,,,,,,,
,8077085, 94 I 41 1,,,,,,,,
,8077085, 95 A (CORESUS),,,,,,,,
,8077085, 95 A (MINOTAUR),,,,,,,,
,8077085, 95 A (ORESTES) 3,,,,,,,,
,8077085, 95 A (ULYSSES), 95 A (AGAMEMNON), 95 B (CLYTAEMNESTRA), 95 B (IPHIGENIA),,,,,
,8077085, 95 B (ATALANTE) 21,,,,,,,,
,8077085, 95 B (HELEN) 2, 94 C 1,,,,,,,
,8077086, 94 C 11 2,,,,,,,,
,8077086, 95 A (ICARUS) 68,,,,,,,,
,8077128, 95 B (NIOBE),,,,,,,,
,8077215, 94 C (+0),,,,,,,,
,8077215, 94 D 12 (+0),,,,,,,,
,8077215, 94 H 21 3,,,,,,,,
,8077215, 94 H 21 3,,,,,,,,
,8077215, 95 A (CADMUS) 33, 95 A (CADMUS) 34, 95 A (CADMUS) 35,,,,,,
,8077215, 95 A (CECROPS),,,,,,,,
,8077215, 95 A (SOSIPOLIS),,,,,,,,
,8077215, 95 A (TROPHONIUS),,,,,,,,
,8077215, 95 A (TROPHONIUS) : 12 B 63,,,,,,,,
,8077215, 95 B (AMAZONS) 41,,,,,,,,
,8077243, 94 I 21,,,,,,,,
,8077260, 95 B (HERO AND LEANDER) 2,,,,,,,,
,8077262, 94 I 32 3 (+0), 95 A (TELEMACHUS) 31,,,,,,,
,8077302, 95 A (PARIS) 21 1,,,,,,,,
,8077308, 94 I 34,,,,,,,,
,8077348, 95 B (ANDROMACHE) 6,,,,,,,,
,8077354, 95 B (ARIADNE) 61,,,,,,,,
,8077394, 94 C 11 31,,,,,,,,
,8077395, 94 F 32 1,,,,,,,,
,8077396, 94 C 13 3,,,,,,,,
,8077408, 94 G 51 (+0),,,,,,,,
,8077408, 94 I 13 4,,,,,,,,
,8077408, 95 A (ANTINOUS),,,,,,,,
,8077408, 95 A (HIPPOLYTUS) 4 : 43 C 11 12 43,,,,,,,,
,8077408, 95 B (PHAEDRA) 21 2 (+0),,,,,,,,
,8077408, 95 B (PHAEDRA) 21 3 (+0), 95 A (HIPPOLYTUS) 68,,,,,,,
,8077446, 95 A (TELEPHUS) 12 11,,,,,,,,
,8077446, 95 A (TELEPHUS) 12 11, 94 L,,,,,,,
,8077446, 95 B (DANAIDS),,,,,,,,
,8077446, 95 B (INO) 69,,,,,,,,
,8077762, 95 B (AMAZONS) : 46 C 13 1,,,,,,,,
,8077762, 95 B (NIOBE) (+0) : 42 D 33 1 (+0),,,,,,,,
,8077762, 95 B (NIOBE) (+0) : 42 G 21 21,,,,,,,,
,8077762, 95 B (NIOBE) (+0) : 42 G 21 21,,,,,,,,
,8077762, 95 B (NIOBE) (+0) : 42 G 21 21,,,,,,,,
,8077762, 95 B (NIOBE) (+0) : 42 G 21 21,,,,,,,,
,8077762, 95 B (NIOBE) (+0) : 42 G 21 21,,,,,,,,
,8077762, 95 B (NIOBE) (+0) : 42 G 21 22,,,,,,,,
,8077762, 95 B (NIOBE) (+0) : 42 G 21 22,,,,,,,,
,8077762, 95 B (NIOBE) (+0) : 42 G 21 22,,,,,,,,
,8077762, 95 B (NIOBE) (+0) : 42 G 21 22,,,,,,,,
,8077825, 95 B (LEUCOTHEA),,,,,,,,
,8077906, 95 B (ANTIOPE),,,,,,,,
,8077978, 94 I 16 2,,,,,,,,
,8078044, 95 A (AMPHION AND ZETHUS) 41,,,,,,,,
,8078047, 95 A (CECROPS),,,,,,,,
,8078084, 94 C 11 3,,,,,,,,
,8078094, 94 I 34 11,,,,,,,,
,8078216, 95 B (HESIONE), 94 L 42 51,,,,,,,
,8078343, 95 A (ACHILLES) 12 31,,,,,,,,
,8079326, 95 A (PARIS),,,,,,,,
,8079328, 95 A (PARIS),,,,,,,,
,8079354, 94 C 1,,,,,,,,
,8079584, 95 A (PARIS),,,,,,,,
,8079584, 95 A (PARIS),,,,,,,,
,8079584, 95 B (HELEN) : 94 C 1,,,,,,,,
,8079608, 94 H 213,,,,,,,,
,8079619, 94 H 21, 94 L,,,,,,,
,8079813, 95 B (PHAEDRA),,,,,,,,
,8080001, 94 H 21 3,,,,,,,,
,8080001, 95 A (PYRAMUS AND THISBE),,,,,,,,
,8080001, 95 B (NIOBE),,,,,,,,
,8080001, 95 B (NIOBE) 62 1,,,,,,,,
,8080001, 95 B (NIOBE) 62 1,,,,,,,,
,8080001, 95 B (NIOBE) 62 1,,,,,,,,
,8080001, 95 B (NIOBE) 62 2,,,,,,,,
,8080001, 95 B (NIOBE) 62 2,,,,,,,,
,8080001, 95 B (NIOBE) 62 3,,,,,,,,
,8080079, 95 A (AMPHINOMUS AND ANAPIAS),,,,,,,,
,8080107, 94 C 11 2,,,,,,,,
,8080137, 94 I 16 3,,,,,,,,
,8080141, 95 B (ATALANTE) 21,,,,,,,,
,8080160, 94 I 18 1,,,,,,,,
,8080228, 94 I 16 2,,,,,,,,
,8080230, 94 I 16 2,,,,,,,,
,8080281, 94 C 11 31,,,,,,,,
,8080390, 95 B (MEDEA),,,,,,,,
,8080513, 94 G 51,,,,,,,,
,8080513, 95 A (ACHILLES),,,,,,,,
,8080513, 95 B (AMAZONS),,,,,,,,
,8080513, 95 B (AMAZONS),,,,,,,,
,8080517, 94 C 11 3,,,,,,,,
,8080517, 94 C 11 3,,,,,,,,
,8080517, 94 C 22,,,,,,,,
,8080517, 94 C 22,,,,,,,,
,8080517, 94 C 22,,,,,,,,
,8080517, 94 F 83 2,,,,,,,,
,8080517, 94 G 51,,,,,,,,
,8080517, 94 G 51,,,,,,,,
,8080517, 94 I 18 1,,,,,,,,
,8080517, 95 A (CLEOBIS AND BITON),,,,,,,,
,8080517, 95 A (ORESTES) 31 2,,,,,,,,
,8080517, 95 A (ORESTES) 34,,,,,,,,
,8080517, 95 A (PENTHEUS) 68,,,,,,,,
,8080517, 95 B (AMAZONS) 41,,,,,,,,
,8080517, 95 B (IPHIGENIA), 95 A (ORESTES),,,,,,,
,8080517, 95 B (MEDEA),,,,,,,,
,8080517, 95 B (MEDEA),,,,,,,,
,8080517, 95 B (NIOBE) 62,,,,,,,,
,8080517, 95 B (NIOBE) 62,,,,,,,,
,8080517, 95 B (PASIPHAE) 21,,,,,,,,
,8080517, 95 B (PHAEDRA) 21,,,,,,,,
,8080517, 95 B (PHAEDRA) 21,,,,,,,,
,8080645, 94 C 11 3,,,,,,,,
,8080727, 94 D 13 21,,,,,,,,
,8080768, 94 F 83 21,,,,,,,,
,8080878, 94 D 13 2,,,,,,,,
,8080923, 95 A (ACHILLES) 21,,,,,,,,
,8081166, 95 A (PYRAMUS AND THISBE) 24 1,,,,,,,,
,8081460, 95 A (ANTINOUS),,,,,,,,
,8081632, 95 A (CEPHALUS),,,,,,,,
,8081633, 95 A (CEPHALUS),,,,,,,,
,8081837, 95 A (JASON),,,,,,,,
,8081868, 94 D 12,,,,,,,,
,8082083, 95 B (PENELOPE), 94 I 34 11, 94 I 16, 94 I 62,,,,,
,8082128, 94 H 15 1,,,,,,,,
,8082449, 94 C,,,,,,,,
,8082493, 94 C 11 31,,,,,,,,
,8083005, 95 B (ATALANTE) 21,,,,,,,,
,8083005, 95 B (ATALANTE) 21,,,,,,,,
,8083020, 94 H 21 3,,,,,,,,
,8083377, 94 D 13 2,,,,,,,,
,8083379, 94 D 13 2,,,,,,,,
,8083846, 94 C 11 3,,,,,,,,
,8083865, 95 A (ERICHTHONIUS),,,,,,,,
,8083882, 95 B (ARIADNE) : 98 (+52),,,,,,,,
,8083970, 95 A (PYRAMUS AND THISBE),,,,,,,,
,8084011, 94 C 13 3,,,,,,,,
,8084041, 94 I 53 1,,,,,,,,
,8084257, 95 B (HECUBA),,,,,,,,
,8084545, 95 B (CIRCE),,,,,,,,
,8084693, 94 H 21 3,,,,,,,,
,8084711, 94 C 11 3,,,,,,,,
,8084991, 95 B (MEDEA) 4,,,,,,,,
,8085056, 94 F 83 21,,,,,,,,
,8085057, 95 A (PHILEMON AND BAUCIS),,,,,,,,
,8085059, 95 A (PHILEMON AND BAUCIS),,,,,,,,
,8085695, 94 H 21 3 : 25 I 15 2,,,,,,,,
,8085717, 94 C 11 3,,,,,,,,
,8085966, 95 A (PHILEMON AND BAUCIS),,,,,,,,
,8085967, 95 A (PHILEMON AND BAUCIS),,,,,,,,
,8085968, 95 A (PHILEMON AND BAUCIS),,,,,,,,
,8085969, 95 A (PHILEMON AND BAUCIS),,,,,,,,
,8085970, 95 A (PHILEMON AND BAUCIS),,,,,,,,
,8086301, 95 B (NIOBE) 62,,,,,,,,
,8086330, 94 H 24 2, 95 B (ANDROMACHE) 61,,,,,,,
,8086359, 94 H 21 3,,,,,,,,
,8086362, 95 B (AMAZONS) 41,,,,,,,,
,8086435, 95 A (ACHILLES) 12 31,,,,,,,,
,8086466, 94 C 11,,,,,,,,
,8086505, 95 A (DIOMEDES),,,,,,,,
,8086638, 95 A (ACHILLES),,,,,,,,
,8086639, 95 A (ACHILLES),,,,,,,,
,8086650, 95 A (ACHILLES),,,,,,,,
,8086780, 95 A (PHILEMON AND BAUCIS) 51,,,,,,,,
,8086782, 95 A (PHILEMON AND BAUCIS) 51,,,,,,,,
,8086783, 95 A (PHILEMON AND BAUCIS) 51,,,,,,,,
,8086784, 95 A (PHILEMON AND BAUCIS) 51,,,,,,,,
,8086791, 95 A (PHILEMON AND BAUCIS) 51,,,,,,,,
,8086979, 95 A (PHILEMON AND BAUCIS) 51,,,,,,,,
,8087021, 95 A (PHILEMON AND BAUCIS) 51,,,,,,,,
,8087042, 95 A (PHILEMON AND BAUCIS) 51,,,,,,,,
,8087447, 94 C 11 3,,,,,,,,
,8088679, 94 H 23,,,,,,,,
,8088697, 94 C 11 31,,,,,,,,
,8088920, 94 H 21 3,,,,,,,,
,8088938, 95 A (ORESTES) 3, 95 A (ORESTES) 33,,,,,,,
,8089006, 95 B (ARIADNE) 61,,,,,,,,
,8089073, 95 A (PYRAMUS,,,,,,,,
,8089419, 95A(ICARUS)512,,,,,,,,
,8089672, 95B(CHIONE)68,,,,,,,,
,8089918, 95A(CLEOBIS,,,,,,,,
,8089922, 95A(ACHILLES)2,,,,,,,,
,8089924, 95A(ERYSICHTHON),,,,,,,,
,8090027, 95 A (NEOPTOLEMUS), 95 A (ASTYANAX),,,,,,,
,8090480, 94 C 22,,,,,,,,
,8090480, 94 C 22,,,,,,,,
,8090481, 94 C 22,,,,,,,,
,8090481, 94 C 22,,,,,,,,
,8090482, 94 C 22,,,,,,,,
,8090482, 94 C 22,,,,,,,,
,8090821, 94 C 11 31,,,,,,,,
,8091349, 95 B (NIOBE) 62 1,,,,,,,,
,8091350, 95 A (NARCISSUS),,,,,,,,
,8091366, 95 B (DEIANIRA),,,,,,,,
,8091367, 95 B (DEIANIRA),,,,,,,,
,8091368, 95 B (DEIANIRA),,,,,,,,
,8091383, 95 B (AMAZONS),,,,,,,,
,8091514, 95 A (CEPHALUS),,,,,,,,
,8091525, 95 A (NARCISSUS),,,,,,,,
,8091525, 95 A (NARCISSUS),,,,,,,,
,8091690, 95 A (PARIS),,,,,,,,
,8092097, 95 B (DEIANIRA) 6,,,,,,,,
,8092098, 94 C 13 3,,,,,,,,
,8092111, 95 B (DEIANIRA) 6,,,,,,,,
,8092146, 94 H 21 3,,,,,,,,
,8092170, 95 A (AMPHION AND ZETHUS) 41,,,,,,,,
,8092181, 95 B (OMPHALE),,,,,,,,
,8092184, 95 B (ATALANTE),,,,,,,,
,8092286, 94 C 11 31,,,,,,,,
,8092550, 95 B (LEDA),,,,,,,,
,8092550, 95 B (LEDA),,,,,,,,
,8092723, 95 B (DANAE),,,,,,,,
,8093291, 94 I 23 3,,,,,,,,
,8094150, 94 H 24 3,,,,,,,,
,8094151, 94 H 24 3,,,,,,,,
,8094203, 94 H 24 3,,,,,,,,
,8094358, 95 A (ERICHTHONIUS) 12 11,,,,,,,,
,8094373, 94 F 42 1,,,,,,,,
,8094434, 94 H 24 3,,,,,,,,
,8094442, 94 C 22,,,,,,,,
,8094482, 94 F 82 2,,,,,,,,
,8094567, 95 A (ARGOS),,,,,,,,
,8094567, 95 A (ARGOS),,,,,,,,
,8094615, 95 A (SISYPHUS),,,,,,,,
,8094643, 95 A (CEPHALUS) 21 4,,,,,,,,
,8094851, 95 B (DEIANIRA),,,,,,,,
,8094854, 95 A (AMPHION AND ZETHUS) 41,,,,,,,,
,8094876, 95 B (ATALANTE) 21 11,,,,,,,,
,8094890, 94 K 23,,,,,,,,
,8094890, 94 K 23,,,,,,,,
,8094904, 95 B (EUROPA),,,,,,,,
,8094916, 94 H 2,,,,,,,,
,8095116, 95 A (CADMUS) 35,,,,,,,,
,8095118, 95 A (CADMUS) 34,,,,,,,,
,8095285, 95 A (MIDAS),,,,,,,,
,8095413, 94 H 24 3,,,,,,,,
,8095474, 94 F 74 2,,,,,,,,
,8095587, 94 C 13 3,,,,,,,,
,8095610, 95 B (DEIANIRA),,,,,,,,
,8095644, 95 B (NIOBE) 62 1,,,,,,,,
,8095652, 95 A (PHILEMON AND BAUCIS) 51,,,,,,,,
,8095688, 94 I 12,,,,,,,,
,8095806, 95 A (CEPHALUS) 21 41,,,,,,,,
,8095964, 94 H 21 3,,,,,,,,
,8096099, 95 A (PARIS),,,,,,,,
,8096241, 95 B (NIOBE) 62 2,,,,,,,,
,8096243, 95 B (NIOBE) 62,,,,,,,,
,8096298, 95 A (AMPHION AND ZETHUS) : 46 C 24,,,,,,,,
,8096364, 95 B (NIOBE) 62 2,,,,,,,,
,8096364, 95 B (NIOBE) 62 2,,,,,,,,
,8096636, 95 B (NIOBE) 62 2,,,,,,,,
,8096800, 94 D 13 2,,,,,,,,
,8096901, 95 A (PHILEMON AND BAUCIS) 51,,,,,,,,
,8096904, 95 B (ARIADNE) 61,,,,,,,,
,8097017, 94 H 21 3,,,,,,,,
,8097019, 95 A (TELEPHUS) 12 11,,,,,,,,
,8097111, 95 B (HELEN),,,,,,,,
,8097112, 95 A (PARIS),,,,,,,,
,8097207, 95 B (ARIADNE),,,,,,,,
,8097322, 94 I 53 1,,,,,,,,
,8097342, 95 A (PARIS),,,,,,,,
,8097559, 94 G 63,,,,,,,,
,8097613, 95 B (ARIADNE) 61,,,,,,,,
,8097643, 95 B (ATALANTE) 21,,,,,,,,
,8097657, 94 C 11 3,,,,,,,,
,8097702, 94 H 24 1,,,,,,,,
,8097703, 95 A (ORESTES) 31 2,,,,,,,,
,8097747, 94 H 21 3,,,,,,,,
,8097869, 94 I 23 3,,,,,,,,
,8097870, 94 I 18 1,,,,,,,,
,8098121, 94 F 54,,,,,,,,
,8098177, 94 F 54,,,,,,,,
,8098192, 94 C 11 3,,,,,,,,
,8098496, 94 C 11 2,,,,,,,,
,8098517, 95 B (ARIADNE) 61,,,,,,,,
,8098568, 95 A (NARCISSUS) 21,,,,,,,,
,8098726, 95 B (CIRCE),,,,,,,,
,8098832, 95 A (ACHILLES) 12 3,,,,,,,,
,8098973, 94 H 21 3,,,,,,,,
,8098974, 94 H 21 3,,,,,,,,
,8099002, 94 I 53 1,,,,,,,,
,8099235, 94 I 13 3,,,,,,,,
,8099492, 95 A (CEPHALUS) 21 41,,,,,,,,
,8099566, 94 C 11 31,,,,,,,,
,8099668, 95 B (ATALANTE) 21 11,,,,,,,,
,8099953, 94 H 22,,,,,,,,
,8100624, 95 B (AMAZONS),,,,,,,,
,8100624, 95 B (PENELOPE),,,,,,,,
,8100704, 94 I 16 2,,,,,,,,
,8100783, 95 B (AMAZONS) 41,,,,,,,,
,8100856, 95 B (NIOBE) 61,,,,,,,,
,8100912, 95 B (NIOBE) 5,,,,,,,,
,8100917, 95 A (PARIS),,,,,,,,
,8101179, 94 C 11 3,,,,,,,,
,8101665, 94 C 13 3,,,,,,,,
,8101674, 94 H 21 3,,,,,,,,
,8102416, 94 I, 95 A (ORESTES),,,,,,,
,8102567, 94 F 32 1 (+0),,,,,,,,
,8102568, 94 F 32 1 (+0),,,,,,,,
,8102569, 94 F 32 1 (+0),,,,,,,,
,8102570, 94 F 32 1 (+0),,,,,,,,
,8102654, 94 C 11 31,,,,,,,,
,8102717, 94 C 11 31,,,,,,,,
,8102795, 94 F 42 22 1,,,,,,,,
,8102814, 94 C 13 3,,,,,,,,
,8102845, 95 B (AMAZONS) 41,,,,,,,,
,8102894, 95 A (ULYSSES) 2, 94 I 18,,,,,,,
,8102936, 94 I 13 3,,,,,,,,
,8103692, 95 B (LAODAMIA) 21, 95 B (LAODAMIA) 6,,,,,,,
,8105503, 95 A (TIRESIAS) 51,,,,,,,,
,8105577, 94 C 11 3,,,,,,,,
,8105586, 95 A (NARCISSUS) 21,,,,,,,,
,8105591, 95 B (ATALANTE) 21,,,,,,,,
,8105621, 94 C 11 31,,,,,,,,
,8105622, 94 C 11 31,,,,,,,,
,8105663, 94 H 24 3,,,,,,,,
,8105799, 95 B (ALCYONE),,,,,,,,
,8105803, 94 F 54,,,,,,,,
,8106007, 95 A (HIPPOLYTUS),,,,,,,,
,8106249, 94 C 11 31,,,,,,,,
,8106303, 94 H 21 3,,,,,,,,
,8106375, 95 B (ARIADNE) : 31 B 11,,,,,,,,
,8106516, 95 B (ATALANTE) 3,,,,,,,,
,8106591, 95 A,,,,,,,,
,8107395, 95 B (NIOBE) 62 1,,,,,,,,
,8107472, 95 A (PHILEMON AND BAUCIS),,,,,,,,
,8107561, 94 C 13 3,,,,,,,,
,8107680, 95 A ( ),,,,,,,,
,8107750, 95 B (MEDEA),,,,,,,,
,8107917, 95 A,,,,,,,,
,8107917, 95 A (PENTHEUS), 95 B (EMILIA),,,,,,,
,8107989, 95 B (ARIADNE) 79,,,,,,,,
,8108758, 95 A (PYRAMUS AND THISBE) 68,,,,,,,,
,8108791, 95 A (PYRAMUS AND THISBE),,,,,,,,
,8108884, 95 A, 95 A (JASON),,,,,,,
,8108974, 95 A (PARIS) 12 12,,,,,,,,
,8109588, 95 A (NARCISSUS),,,,,,,,
,8109926, 95 A (HECTOR),,,,,,,,
,8110000, 95 B (PHILOMELA AND PROCNE),,,,,,,,
,8110012, 95 B,,,,,,,,
,8110076, 95 B (NIOBE) 6 : 92 B 3 : 92 C 3,,,,,,,,
,8110432, 94 D 13 2,,,,,,,,
,8110671, 94 H 21 3,,,,,,,,
,8110776, 95 B (CIRCE),,,,,,,,
,8110935, 95 A (AMPHINOMUS AND ANAPIAS) 51,,,,,,,,
,8110946, 95 B (DANAE),,,,,,,,
,8111213, 94 I 16 1,,,,,,,,
,8111219, 94 C : 12 E 21 2,,,,,,,,
,8111240, 94 H 15 1,,,,,,,,
,8111512, 94 C 11 1,,,,,,,,
,8111537, 95 B (ARIADNE) 61,,,,,,,,
,8112217, 94 H 14,,,,,,,,
,8112380, 95 B (SEMELE),,,,,,,,
,8112380, 95 B (TYRO),,,,,,,,
,8112384, 95 B (SCYLLA) 4,,,,,,,,
,8112418, 95 B (AMAZONS) 41,,,,,,,,
,8112419, 95 B (AMAZONS) 41 : 45 B : 33 B 3 : 95 B (AMAZONS),,,,,,,,
,8112640, 94 C 11 31,,,,,,,,
,8112877, 94 F 32 1,,,,,,,,
,8112920, 95 B (PHAEDRA) 68,,,,,,,,
,8113101, 94 H 23 3,,,,,,,,
,8113146, 94 C 11 31,,,,,,,,
,8113153, 95 A (NARCISSUS) 21,,,,,,,,
,8113156, 94 D 13 2,,,,,,,,
,8113177, 95 A (CEPHALUS) 21 4,,,,,,,,
,8113178, 95 A (CEPHALUS) 21 4,,,,,,,,
,8113291, 94 D 13 2,,,,,,,,
,8113294, 94 H 2,,,,,,,,
,8113377, 94 C 11 3,,,,,,,,
,8113409, 94 I 13 4,,,,,,,,
,8113469, 95 A (PYRAMUS AND THISBE) 23,,,,,,,,
,8113572, 94 D 13 2,,,,,,,,
,8113714, 94 D 13 21,,,,,,,,
,8114244, 95 B (INO) : 94 I,,,,,,,,
,8114516, 95 B (DANAE),,,,,,,,
,8114584, 94 C 11 31, 95 A (PARIS),,,,,,,
,8114584, 95 A (AMPHION AND ZETHUS) 41,,,,,,,,
,8114584, 95 A (CODRUS),,,,,,,,
,8114584, 95 A (PRIAM), 95 A (PALAMEDES), 95 B (ORITHYA) (+0),,,,,,
,8114584, 95 B (AMAZONS), 95 B (PHAEDRA),,,,,,,
,8114584, 95 B (ATALANTE),,,,,,,,
,8114584, 95 B (CALLIRHOE), 95 B (ARIADNE),,,,,,,
,8114584, 95 B (EURYPYLUS), 95 A (ACHILLES),,,,,,,
,8114584, 95 B (LACEDAEMON),,,,,,,,
,8114584, 95 B (OMPHALE), 95 A (AVENTINUS), 95 A (CECROPS),,,,,,
,8114596, 94 C 11 1 (+0),,,,,,,,
,8114597, 95 A (CEPHALUS) 21,,,,,,,,
,8114598, 94 C 11 3,,,,,,,,
,8114601, 94 G 23 5,,,,,,,,
,8114601, 95 A (ACHILLES) 12 1,,,,,,,,
,8114601, 95 A (MIDAS),,,,,,,,
,8114689, 94 I 23,,,,,,,,
,8114710, 95 A (PARIS),,,,,,,,
,8114715, 94 H 24 52,,,,,,,,
,8114739, 95 B (AMAZONS) 41,,,,,,,,
,8114760, 94 H 21 3,,,,,,,,
,8114760, 95 A (AMPHION AND ZETHUS) 41,,,,,,,,
,8114796, 94 H 21 3,,,,,,,,
,8114796, 95 B (DANAE),,,,,,,,
,8115159, 94 C 11 3,,,,,,,,
,8115217, 94 F 11 2,,,,,,,,
,8115749, 94 C 11 3,,,,,,,,
,8115760, 94 C 13 1,,,,,,,,
,8115760, 94 C 13 1,,,,,,,,
,8115899, 95 A (PHILEMON,,,,,,,,
,8116154, 94 H 15 1, 94 C 11 31 ,,,,,,,
,8116154, 94 I 16 1,,,,,,,,
,8116195, 95 A (ACHILLES), 94 D 22, 95 A (ULYSSES), 95 A (ADMETUS), 94 C 11 3, 95 A (PRIAM), 94 L,,
,8116195, 95 A (ADMETUS) 21 1,,,,,,,,
,8116394, 94 I 16,,,,,,,,
,8116394, 94 I 16,,,,,,,,
,8116790, 94 H 21 3,,,,,,,,
,8116968, 95 A (PARIS) 3,,,,,,,,
,8116968, 95 A (PARIS) 3,,,,,,,,
,8117272, 94 G 51,,,,,,,,
,8117485, 95 A (AMPHINOMUS,,,,,,,,
,8117681, 95 B (IPHIGENIA) 6, 95 A (ORESTES) 31 1,,,,,,,
,8118222, 95A(NARCISSUS)21,,,,,,,,
,8118778, 95B(ALCESTIS)68,,,,,,,,
,8118785, 95B(DANAIDS)8(+0),,,,,,,,
,8118792, 95B(NIOBE)11,,,,,,,,
,8119128, 95B(SCYLLA)4,,,,,,,,
,8119129, 95A,,,,,,,,
,8119166, 95A(ULYSSES)4,,,,,,,,
,8119169, 95A(MENELAOS), 95A(PARIS), 95A(DIOMEDES), 95A(ODYSSEUS), 95A(NESTOR), 95A(ACHILLES), 95A(AGAMEMNON),,
,8119173, 95A(ULYSSES),,,,,,,,
,8119176, 95A(ULYSSES)4,,,,,,,,
,8119177, 95A(ULYSSES)4,,,,,,,,
,8119178, 95A(ULYSSES)4, 94I561,,,,,,,
,8119181, 95A(ACHILLES),,,,,,,,
,8119182, 95A(ULYSSES),,,,,,,,
,8119183, 95A,,,,,,,,
,8119184, 95A(ULYSSES)5, 95B(PENELOPE)5, 95A(TELEMACHUS)1,,,,,,
,8119185, 95A(PHILOCTETES),,,,,,,,
,8119186, 95A,,,,,,,,
,8119187, 95A(ULYSSES)5,,,,,,,,
,8119191, 95A(ODYSSEUS),,,,,,,,
,8119194, 95A(ULYSSES)5,,,,,,,,
72641108,8119196, 95B(PENELOPE)2, 95A(ULYSSES)2,,,,,,,
72646681,8119199, 95A(DIOMEDES),,,,,,,,
72649813,8119201, 95A,,,,,,,,
72651237,8119207, 95A(ULYSSES)4, 95A(DIOMEDES)4,,,,,,,
72653596,8119212, 95A(MENELAOS),,,,,,,,
72656032,8119213, 95A(AJAX DER KLEINE)4, 95B(CASSANDRA)6,,,,,,,
72656958,8119214, 95A(MENELAUS)21, 94H231,,,,,,,
72658778,8119215, 95A(ULYSSES)5, 94I52,,,,,,,
72967881,8119216, 95A(ULYSSES)4,,,,,,,,
72968234,8119217, 95A(ULYSSES)5,,,,,,,,
72968622,8119218, 95A(ULYSSES)5,,,,,,,,
72968978,8119219, 95A(ULYSSES)5,,,,,,,,
72969259,8119220, 95A(ULYSSES)5,,,,,,,,
72969478,8119221, 95A(ULYSSES)5,,,,,,,,
72969481,8119222, 95A(ULYSSES)5, 95A(EUMAEOS)5, 95A(PHILOETIOS)5,,,,,,
72969482,8119223, 95A(ULYSSES)5,,,,,,,,
72969483,8119224, 95A(ULYSSES)5, 94I6,,,,,,,
72969753,8119225, 95B(IPHIGENIA)6,,,,,,,,
72969754,8119226, 95A(ULYSSES),,,,,,,,
72969757,8119229, 95A(ULYSSES)5, 95A(AJAX)5,,,,,,,
72969758,8119230, 95A(ULYSSES)5, 95A(DIOMEDES), 94F621,,,,,,
72969759,8119231, 95A(ULYSSES)5, 95A(ACHILLES)68, 94G533,,,,,,
,8119437, 95A(CEPHALUS)214,,,,,,,,
,8120394, 95 B (PHAEDRA) 21, 95 B (PHAEDRA) 21 2,,,,,,,
,8121399, 94 D 13 21,,,,,,,,
,8121428, 94 C 14 3,,,,,,,,
,8121435, 94 D 13 21,,,,,,,,
,8121520, 94 F 54,,,,,,,,
,8121535, 95 B (ATALANTE) 21 11,,,,,,,,
,8121632, 95 B (PHAEDRA) 68,,,,,,,,
,8121685, 94 F 54,,,,,,,,
,8122030, 95 A (MIDAS) 5,,,,,,,,
,8122038, 95 A (ATHAMAS) 61 1,,,,,,,,
,8122136, 95 A (ACHILLES) 12 31,,,,,,,,
,8122254, 95 A (PHILEMON AND BAUCIS) 52,,,,,,,,
,8122913, 95 A (JASON) 4,,,,,,,,
,8123105, 94 D 13 2,,,,,,,,
,8123181, 94 G 23 5,,,,,,,,
,8123218, 95 B (MYRRHA) 21 3, 95 A (CINYRAS) 6,,,,,,,
,8123291, 95 B (AMAZONS) 41,,,,,,,,
,8123292, 95 A (PHINEUS) 61,,,,,,,,
72969760,8123410, 94 I 16,,,,,,,,
72969771,8123642, 94 H 14,,,,,,,,
72969772,8123675, 94 C 11 31,,,,,,,,
,8123681, 95 A (PYGMALION) 21,,,,,,,,
72969773,8123696, 94 F 32 2,,,,,,,,
72969774,8123697, 95 A (ACHILLES) 12 1,,,,,,,,
72969785,8123712, 94 F 82 1,,,,,,,,
,8124269, 95 A (NARCISSUS),,,,,,,,
72969786,8124311, 94 D 13 2,,,,,,,,
72969787,8124328, 94 H 24 3,,,,,,,,
,8124373, 95 A (CEPHALUS) 21 4,,,,,,,,
,8124437, 95 B (PHAEDRA) 21,,,,,,,,
72969788,8124495, 94 C 11 3,,,,,,,,
,8124604, 94 D 13 2,,,,,,,,
,8124623, 95 B (AMAZONS) 41,,,,,,,,
75989341,8124710, 94 H 24 3,,,,,,,,
72969790,8124746, 94 H 21 3,,,,,,,,
72969802,8124903, 95 B ( ) 7,,,,,,,,
72969802,8124903, 95 B ( ) 7,,,,,,,,
72969803,8124905, 95 B ( ) 7,,,,,,,,
72969804,8124907, 95 A ( ) 7,,,,,,,,
72969804,8124907, 95 A ( ) 7,,,,,,,,
72969805,8125019, 95 B,,,,,,,,
,8125110, 94 C 11,,,,,,,,
,8125134, 95 A (MIDAS) 52,,,,,,,,
,8125497, 94 I 34 11,,,,,,,,
,8125531, 94 C 11 31,,,,,,,,
,8125565, 94 I 23 2,,,,,,,,
,8125566, 94 I 23 3,,,,,,,,
,8125820, 95 B (ATALANTE) 21,,,,,,,,
,8125881, 94 D 13 2,,,,,,,,
,8126538, 95 B (NIOBE),,,,,,,,
,8126557, 95 B (NIOBE) 62,,,,,,,,
,8126564, 95 A (LYCURGUS),,,,,,,,
,8126883, 94 H 2,,,,,,,,
,8126931, 95 B (NIOBE),,,,,,,,
,8126938, 95 B (NIOBE),,,,,,,,
72970056,8127224, 94 I 13 4,,,,,,,,
,8127227, 95 B (ATALANTE) 21 11 : 31 A 27 11 (+4+81 1+89),,,,,,,,
,8127486, 95 A (PYGMALION) 21,,,,,,,,
,8127519, 95 A (NARCISSUS) 21,,,,,,,,
72970057,8128556, 94 D 13 2,,,,,,,,
,8129188, 94 I 53 1,,,,,,,,
,8129191, 95 B (BYBLIS) 21,,,,,,,,
72970097,8129298, 94 C 11 3,,,,,,,,
,8129394, 95 A (ICARUS) 51 2,,,,,,,,
,8129944, 95 A (JASON),,,,,,,,
,8130884, 95 A (ACHILLES),,,,,,,,
,8130888, 94 I 7,,,,,,,,
,8131667, 95 A (ANTENOR) 51,,,,,,,,
,8131670, 94 C,,,,,,,,
,8131670, 94 C,,,,,,,,
,8131670, 94 K 12,,,,,,,,
,8131960, 95 A (HECTOR), 95 A (TROILUS),,,,,,,
,8132213, 95 A (ANCHISES),,,,,,,,
,8132218, 94 C 11 31,,,,,,,,
,8132283, 95 A (PELIAS),,,,,,,,
,8132514, 95 B (ARIADNE) 61,,,,,,,,
,8132596, 94 C 11 31,,,,,,,,
,8132601, 95 B (NIOBE) 62,,,,,,,,
,8132607, 94 C 13 3,,,,,,,,
,8132614, 94 I 23 3,,,,,,,,
,8132673, 95 A (NARCISSUS),,,,,,,,
,8132744, 94 C 11 3,,,,,,,,
,8132746, 95 A (NARCISSUS) 21,,,,,,,,
,8132753, 95 B (NIOBE) 62 1, 95 B (NIOBE) 62 2, 95 B (NIOBE) 62 3,,,,,,
,8132759, 95 B (NIOBE) 62 1, 95 B (NIOBE) 62 2, 95 B (NIOBE) 62 3,,,,,,
,8132802, 95 A (NARCISSUS) 21,,,,,,,,
,8133505, 95 A (JASON) 12 1,,,,,,,,
,8133505, 95 A (PELIAS) 5,,,,,,,,
,8133507, 94 H 21 2,,,,,,,,
,8133507, 94 H 22,,,,,,,,
,8133507, 94 H 23 3,,,,,,,,
,8133507, 94 I 13 6,,,,,,,,
,8133748, 95 B (AMAZONS),,,,,,,,
,8133749, 94 C 11 3, 94 C 1,,,,,,,
,8134346, 95 B (AMAZONS),,,,,,,,
,8134433, 95 B (ARIADNE) 61,,,,,,,,
,8134609, 95 B (ALCYONE), 94 L,,,,,,,
,8134706, 95 B (NIOBE) 6,,,,,,,,
,8135010, 95 A (NARCISSUS),,,,,,,,
,8135018, 95 B (AMAZONS) 41 (+0),,,,,,,,
,8135425, 94 D 13 2, 94 D 13 21,,,,,,,
,8135548, 94 D 13 2,,,,,,,,
,8135703, 95 B (CIRCE),,,,,,,,
,8135725, 95 B (CIRCE),,,,,,,,
,8135767, 95 B (ATALANTE) : 41 A 64 1,,,,,,,,
,8136591, 95 A (AMPHION AND ZETHUS) 41,,,,,,,,
,8136591, 95 A (AMPHION AND ZETHUS) 41,,,,,,,,
,8136726, 94 H 23 22,,,,,,,,
,8136737, 94 F 54,,,,,,,,
,8136750, 95 A (NARCISSUS) 68,,,,,,,,
,8136771, 94 H 24 3,,,,,,,,
,8136773, 95 B (DEIANIRA) 6,,,,,,,,
,8136866, 95 A (ACHILLES) 21,,,,,,,,
,8136927, 94 C 11 31, 94 C 11 1, 95 A (PARIS) 12 12,,,,,,
,8136962, 95 B (AMAZONS) 68,,,,,,,,
,8136990, 95 B (AMAZONS) 41 (+0),,,,,,,,
,8136996, 95 A (ICARIUS) 51,,,,,,,,
,8137081, 95 A (AMPHION,,,,,,,,
,8137138, 95 B (AMAZONS) 41,,,,,,,,
,8137483, 95 B (DEIANIRA) 6,,,,,,,,
,8137494, 94 H 23 22,,,,,,,,
,8137545, 94 H 21 3,,,,,,,,
,8137565, 94 F 54,,,,,,,,
,8137566, 94 F 11 4,,,,,,,,
,8137572, 95 A (NARCISSUS) 21,,,,,,,,
72970100,8137676, 94 G 63 1,,,,,,,,
,8137683, 95 A (ERICHTHONIUS) 12 11,,,,,,,,
72970101,8137698, 94 F 83 22,,,,,,,,
,8137904, 95 A (AMPHION AND ZETHUS) 41,,,,,,,,
,8137918, 94 H 21 3,,,,,,,,
,8137968, 95 B (ATALANTE) 21 11,,,,,,,,
,8138179, 95 A (MINOTAUR),,,,,,,,
,8138308, 95 A (LAOMEDON) 31 1,,,,,,,,
,8138544, 94 C 11 3,,,,,,,,
,8138544, 94 C 11 3,,,,,,,,
,8138544, 94 C 13 3,,,,,,,,
,8138544, 94 C 13 3,,,,,,,,
72970144-48,8139886, 94 C 11 31, 94 C,,,,,,,
,8139983, 94 F 54,,,,,,,,
,8140028, 95 A,,,,,,,,
,8140641, 95 A (ULYSSES),,,,,,,,
,8140681, 95 A (ULYSSES),,,,,,,,
,8140986, 94 I 18 3,,,,,,,,
,8141222, 95 A (CADMUS) 34,,,,,,,,
,8141223, 95 A (CADMUS) 34,,,,,,,,
,8141255, 95 A (CADMUS) 35,,,,,,,,
,8141403, 95 A (AEGEUS) 21, 95 A (AEGEUS) 21,,,,,,,
,8141431, 95 A (PHILEMON AND BAUCIS) 51,,,,,,,,
,8141432, 95 A (PHILEMON AND BAUCIS) 51,,,,,,,,
,8141433, 95 A (PHILEMON AND BAUCIS) 51,,,,,,,,
,8141434, 95 A (PHILEMON AND BAUCIS) 52,,,,,,,,
,8141474, 95 B (PASIPHAE) 21,,,,,,,,
,8141683, 94 I 13 3,,,,,,,,
,8142566, 95 A (MINOS) 52 1,,,,,,,,
,8142730, 95 A (NARCISSUS) 21,,,,,,,,
,8142784, 95 B (NIOBE) 62,,,,,,,,
,8143100, 95 A (NARCISSUS) 21,,,,,,,,
,8143100, 95 A (NARCISSUS) 21,,,,,,,,
,8143277, 95 B (NIOBE) 62 2,,,,,,,,
,8143310, 94 H 21 3,,,,,,,,
,8143314, 94 I 21 1 (+0),,,,,,,,
,8143351, 95 B (NIOBE) 51 (+0),,,,,,,,
,8143352, 95 B (NIOBE) 51 (+0),,,,,,,,
,8143380, 94 G 23 3,,,,,,,,
,8143504, 94 C 11 31,,,,,,,,
,8143528, 95 B (HERO AND LEANDER) 22,,,,,,,,
,8143928, 95 A (PHILEMON AND BAUCIS),,,,,,,,
,8143928, 95 A (PHILEMON AND BAUCIS),,,,,,,,
,8144179, 94 I 14 1 (+0),,,,,,,,
,8144345, 94 I 16 1,,,,,,,,
,8144701, 95 A (ICARUS) 68,,,,,,,,
,8145100, 95 B (NIOBE),,,,,,,,
,8145282, 95 B (PENELOPE) 5, 95 A (TELEMACHUS),,,,,,,
,8145502, 94 D 13 21,,,,,,,,
72970237,8145690, 95 A (HIPPOLYTUS) 5,,,,,,,,
72970253,8145698, 95 A (AJAX THE GREAT) 5,,,,,,,,
,8145713, 95 A (CADMUS) 34,,,,,,,,
,8147762, 94 C 11 3,,,,,,,,
,8147762, 95 B (PENELOPE),,,,,,,,
,8147768, 94 I 13 4,,,,,,,,
,8147768, 94 I 13 6,,,,,,,,
,8147768, 94 I 14 1,,,,,,,,
,8147768, 94 I 14 2,,,,,,,,
,8147768, 94 I 16 3,,,,,,,,
72970255-56,8147769, 94 I 18 3,,,,,,,,
72970255-56,8147769, 94 I 18 31,,,,,,,,
72970255-56,8147769, 94 I 22 1, 94 I 22 2,,,,,,,
72970255-56,8147769, 94 I 23 4,,,,,,,,
72970257,8147770, 94 I 23 3,,,,,,,,
72970257,8147770, 94 I 23 4,,,,,,,,
72970257,8147770, 94 I 23 41,,,,,,,,
72970257,8147770, 94 I 65,,,,,,,,
,8147868, 94 C, 94 D, 94 E, 94 F, 94 G, 94 H, 94 K, 94 A, 94 A 42
,8147868, 94 C 1,,,,,,,,
,8147868, 94 C 1,,,,,,,,
,8147868, 95 A (PHINEUS),,,,,,,,
,8147868, 95 A (PHINEUS) & 92 I 76,,,,,,,,
72971059,8148077, 94 H 23,,,,,,,,
,8148650, 95A(TELEPHUS),,,,,,,,
,8148665, 95A(TELEPHUS)1211,,,,,,,,
,8148734, 95 B (AMAZONS) (+0),,,,,,,,
,8149235, 94 C 11 3,,,,,,,,
,8149258, 95 B (ANTIOPE),,,,,,,,
,8149280, 95 A (NARCISSUS),,,,,,,,
,8149597, 95 B (COMAETHO),,,,,,,,
,8150031, 94 D 13 2,,,,,,,,
,8150167, 95 B (CLEONICE) 6,,,,,,,,
,8150178, 95 B (ELECTRA), 95 A (ORESTES) 68,,,,,,,
,8150604, 95 A (JASON) 4,,,,,,,,
,8150650, 94 H 21 3,,,,,,,,
,8150809, 94 I 23 3,,,,,,,,
,8150831, 95 B (HERO AND LEANDER) 22 1,,,,,,,,
,8150914, 95 A (ORESTES) 31 1,,,,,,,,
,8151503, 95 A (PYGMALION) 21,,,,,,,,
,8151628, 94 F,,,,,,,,
,8151628, 95 A (ULYSSES) 21 1,,,,,,,,
,8151822, 94 G 51,,,,,,,,
,8152008, 95A(AJAX THE GREAT), 95A(HERCULES),,,,,,,
,8152343, 95 B (AMAZONS) 4,,,,,,,,
,8152350, 95 A (MIDAS) 51,,,,,,,,
,8152368, 95 A (NARCISSUS) 68,,,,,,,,
,8152444, 95 A (ORESTES) 31 2,,,,,,,,
,8152522, 95 B (HERO AND LEANDER) 22,,,,,,,,
,8153131, 95 A (MIDAS) 51 (+0),,,,,,,,
,8153285, 94 I 13 4,,,,,,,,
,8153286, 94 I 13 4,,,,,,,,
,8153431, 95 B (NIOBE) 62 1,,,,,,,,
,8153432, 95 B (NIOBE) 62 1,,,,,,,,
,8153433, 95 B (NIOBE) 62 1,,,,,,,,
,8153434, 95 B (NIOBE) 62 1,,,,,,,,
,8153435, 95 B (NIOBE) 62 1,,,,,,,,
,8153436, 95 B (NIOBE) 62 1,,,,,,,,
,8153437, 95 B (NIOBE) 62 1,,,,,,,,
,8153438, 95 B (NIOBE) 62 1,,,,,,,,
,8153439, 95 B (NIOBE) 62 1,,,,,,,,
,8153440, 95 B (NIOBE) 62 1,,,,,,,,
,8153441, 95 B (NIOBE) 62 1,,,,,,,,
,8153442, 95 B (NIOBE) 62 1,,,,,,,,
,8153443, 95 B (NIOBE) 62 1,,,,,,,,
,8153444, 95 B (NIOBE) 62 1,,,,,,,,
,8153445, 95 B (NIOBE) 62 1,,,,,,,,
,8153446, 95 B (NIOBE) 62 1,,,,,,,,
,8153687, 95 A (MINOTAUR) 31 (+0),,,,,,,,
,8153847, 95 A (MIDAS) 5,,,,,,,,
,8153925, 94 C 1,,,,,,,,
,8153925, 94 F 82 2,,,,,,,,
,8153925, 95 A (HIPPOLYTUS) 68 1,,,,,,,,
,8153994, 95 A (ULYSSES), 95 B (CIRCE),,,,,,,
,8153997, 94 H 24 3, 95 B (POLYXENA),,,,,,,
,8154405, 95 A (NEOPTOLEMUS),,,,,,,,
,8154817, 95 A (AMPHION AND ZETHUS),,,,,,,,
,8154827, 95 A (NARCISSUS),,,,,,,,
,8154830, 95 A (PARIS),,,,,,,,
,8154889, 95 A (NARCISSUS) 21, 94 A 33 1,,,,,,,
,8154892, 95 B (AMAZONS) 41,,,,,,,,
,8154976, 95 B (ATALANTE) 21 11,,,,,,,,
72971241,8155107, 94 H 15 1,,,,,,,,
72971242,8155231, 94 C 22,,,,,,,,
72971243,8155234, 94 C 21,,,,,,,,
72971244,8155388, 95 A (HIPPOLYTUS),,,,,,,,
72971245,8155535, 95 A (PHOENIX),,,,,,,,
,8155629, 95 A (ACHILLES) 12 31,,,,,,,,
72971246,8155641, 95 B (CIRCE),,,,,,,,
72971389,8155647, 95 A (LAOMEDON) 32,,,,,,,,
72971390,8155657, 95 A (ACHILLES) 12 31,,,,,,,,
72971391,8155762, 95 A (CADMUS) 34,,,,,,,,
72971392,8155876, 94 C 11 31,,,,,,,,
,8156090, 94 H 24 2,,,,,,,,
72971393,8156117, 94 C 11 31,,,,,,,,
72971394,8156258, 94 C 13 3,,,,,,,,
72971413,8156339, 95 B (CIRCE),,,,,,,,
72971415,8156642, 94 C 22 (+0),,,,,,,,
,8156955, 95 A (PHILOCTETES) 6,,,,,,,,
,8157004, 94 C 13 3,,,,,,,,
,8157028, 95 A (ICARUS) 51 2,,,,,,,,
,8157045, 94 H 15,,,,,,,,
72971416,8157497, 94 C 11 3,,,,,,,,
,8157853, 95 A (PYRAMUS AND THISBE) 6,,,,,,,,
,8181410, 94 C 22,,,,,,,,
,8181578, 94 F 12,,,,,,,,
,8181582, 95 A (ADMETUS) 6,,,,,,,,
,8181588, 95 A (ORESTES) 34 3,,,,,,,,
,8181594, 95 A (ORESTES) 34 1,,,,,,,,
,8181602, 95 B (MEDEA) 4,,,,,,,,
,8181609, 94 C 22,,,,,,,,
,8181610, 94 C 22,,,,,,,,
,8181617, 94 F 83 21,,,,,,,,
,8181631, 95B(NIOBE)62,,,,,,,,
,8181639, 95 A (NARCISSUS) 68,,,,,,,,
,8181641, 95 A (AMPHION,,,,,,,,
,8181650, 95 A, 95 A (ACHILLES), 95 A (PATROCLUS),,,,,,
,8181652, 95 B (ALCESTIS) 68,,,,,,,,
,8181654, 95 A (TELEPHUS) 12 11,,,,,,,,
,8181669, 95 A (ACHILLES) 12 31,,,,,,,,
,8181846, 95 A (DIOMEDES),,,,,,,,
,8181853, 95 B (NIOBE) 62 2,,,,,,,,
,8182201, 95 B (NIOBE) 62,,,,,,,,
,8182970, 94 C 11 3, 94 C 14 4,,,,,,,
,8182990, 94 F 53,,,,,,,,
,8184626, 95 A (NARCISSUS),,,,,,,,
,8184627, 95 A (ACHILLES),,,,,,,,
,8184631, 95 B (IPHIGENIA) 51,,,,,,,,
,8184635, 95 B (MEDEA), 94 I 56,,,,,,,
,8184637, 95 A (NEOPTOLEMUS) 68,,,,,,,,
,8184647, 95 A (DAEDALUS) 51, 95 B (PASIPHAE),,,,,,,
,8184648, 95 B (DANAE),,,,,,,,
,8185740, 95 A (NARCISSUS) 21,,,,,,,,
,8186037, 95 B (AMAZONS) 41,,,,,,,,
,8186212, 94 H 24 3,,,,,,,,
,8186220, 95 A (PYRAMUS,,,,,,,,
,8189070, 95A(ICARUS)68,,,,,,,,
,8190487, 95B(DEIANIRA),,,,,,,,
,8191476, 95A(ACHILLES)1231,,,,,,,,
,8191538, 95B(AMAZONS)41,,,,,,,,
